Bracket,Placement,First Name,Last Name,Country,Club
Juvenile Boys Gi / White / -118 lbs,1,Noah,Hingco,Canada,Pound4Pound - Resolute Jiu-Jitsu
Juvenile Boys Gi / White / -118 lbs,2,Caden,Parker,Canada,Big Country MMA
Juvenile Boys Gi / White / -118 lbs,3,Damon,Ball,Canada,Paradigm Martial Arts
Juvenile Boys Gi / White / -118 lbs,3,Iker,Arellano Gomesainz,Mexico,Octa BJJ
Juvenile Boys Gi / White / -129 lbs,1,Juan,Rios,Venezuela,Octa BJJ
Juvenile Boys Gi / White / -129 lbs,2,Abdiel,Duran,Canada,Paradigm Martial Arts
Juvenile Boys Gi / White / -129 lbs,3,Zack,MacDonald,Canada,Trillium MMA
Juvenile Boys Gi / White / -129 lbs,3,Riley,Frame,Canada,Octa BJJ
"Juvenile Boys Gi / White / -141,6 lbs",1,Nithishvar,prathipan,Canada,NEO Brazilian Jiu Jitsu
"Juvenile Boys Gi / White / -141,6 lbs",2,Liam,Bell,Canada,
"Juvenile Boys Gi / White / -141,6 lbs",3,Thomas,Liamakeros,Canada,The Flock MMA Academy
"Juvenile Boys Gi / White / -141,6 lbs",3,Andrew,Romundt,Canada,Santos Brothers BJJ
"Juvenile Boys Gi / White / -152,6 lbs",1,Aidan,Umali,Canada,Team DNA
"Juvenile Boys Gi / White / -152,6 lbs",2,David,Zilbert,Ukraine,The Flock MMA Academy
"Juvenile Boys Gi / White / -152,6 lbs",3,Matthew,Tolstikov,Canada,Ottawa Academy of Martial Arts
"Juvenile Boys Gi / White / -152,6 lbs",3,Krishen,Parhar,Canada,Higher Wave Jiu Jitsu
"Juvenile Boys Gi / White / -163,6 lbs",1,owen,Durant,Canada,Limitless Brazilian Jiujitsu
"Juvenile Boys Gi / White / -163,6 lbs",2,Jacob,Sverdlin,Canada,Vaughan Jiu-Jitsu Academy
"Juvenile Boys Gi / White / -163,6 lbs",3,Spencer,Aves,Canada,Rumble Martial Arts
"Juvenile Boys Gi / White / -163,6 lbs",3,Gatlin,Reilly,Canada,Ape Jiu Jitsu
Juvenile Boys Gi / White / -175 lbs,1,Jericho,Untalasco,Canada,Limitless Brazilian Jiujitsu
Juvenile Boys Gi / White / -175 lbs,2,Ethan,Guichelaar,Canada,Kilian Academy
Juvenile Boys Gi / White / -175 lbs,3,Nate,Sloss,Canada,Team Renzo Gracie Ottawa
Juvenile Boys Gi / White / -175 lbs,3,Danylo,Kaniovskyi,Ukraine,The Flock MMA Academy
Juvenile Boys Gi / White / -186 lbs,1,Dylan,Feiner,Canada,Cavalo Martial Arts Academy
Juvenile Boys Gi / White / -186 lbs,2,BRENDON,CONNERS,Canada,Team DNA
Juvenile Boys Gi / White / -186 lbs,3,Kai,Chor,Canada,Kalsamrit Martial Arts
Juvenile Boys Gi / White / -186 lbs,3,Ronaq,Pawar,Canada,NEO Brazilian Jiu Jitsu
Juvenile Boys Gi / Blue / -129 lbs,1,Conner,Afable,Philippines,NEO Brazilian Jiu Jitsu
Juvenile Boys Gi / Blue / -129 lbs,2,Noah,Dinola,Canada,NEO Brazilian Jiu Jitsu
Juvenile Boys Gi / Blue / -129 lbs,3,Jacob,Ramoutar,Canada,York Judo &  BJJ
Juvenile Boys Gi / Blue / -129 lbs,3,Yannick,Fortin,Canada,Octa BJJ
"Juvenile Boys Gi / Blue / -141,6 lbs",1,Quentin,Teruel,Canada,NEO Brazilian Jiu Jitsu
"Juvenile Boys Gi / Blue / -141,6 lbs",2,Serop,Chavez,Canada,Action & Reaction MMA
"Juvenile Boys Gi / Blue / -141,6 lbs",3,Ertegin,Kadyrov,Kyrgyzstan,MILE END JIU JITSU CLUB
"Juvenile Boys Gi / Blue / -141,6 lbs",3,Logan,Brunzell,Canada,Gracie Barra Ottawa East
"Juvenile Boys Gi / Blue / -152,6 lbs",1,Ethan,Wong,Canada,Action & Reaction MMA
"Juvenile Boys Gi / Blue / -152,6 lbs",2,ALEXANDER,SOLTES,Canada,Academia Brazilian JiuJitsu
"Juvenile Boys Gi / Blue / -152,6 lbs",3,Lucas,English,Canada,Toronto BJJ
"Juvenile Boys Gi / Blue / -152,6 lbs",3,Brian,Timmons,Canada,Gracie Barra Ott
"Juvenile Boys Gi / Blue / -163,6 lbs",1,Kean,Olah,Canada,Markham BJJ
"Juvenile Boys Gi / Blue / -163,6 lbs",2,Justin,Swaminadhan,Canada,Team ONE Jiu-Jitsu Canada HQ
"Juvenile Boys Gi / Blue / -163,6 lbs",3,Evan,Esau,Canada,Academia Brazilian JiuJitsu
Juvenile Boys Gi / Blue / -175 lbs,1,David,Glazenberg,Canada,Vaughan Jiu-Jitsu Academy
Juvenile Boys Gi / Blue / -175 lbs,2,Jack,Martin,Canada,Brampton Brazilian Jiu-Jitsu Academy
Juvenile Boys Gi / Blue / -175 lbs,3,Brayden,Birr,Canada,Four-Eleven Brazilian Jiu Jitsu
Juvenile Boys Gi / Blue / -175 lbs,3,David,Shklyarman,Canada,Vaughan Jiu-Jitsu Academy
Juvenile Boys Gi / Blue / -186 lbs,1,Bernardo,Marcelino,Brazil,Toronto BJJ
Juvenile Boys Gi / Blue / -186 lbs,2,Zayne,Libarian,Canada,Cavalo Martial Arts Academy
Juvenile Boys Gi / Blue / -186 lbs,3,Carson,Attwood,Canada,YGK - BO4 Kingston
Juvenile Boys Gi / Blue / -186 lbs,3,Maulood,Ahmad,Canada,Action & Reaction MMA
Juvenile Boys Gi / Blue / -197 lbs,1,Omid,Mesgarlou,Canada,Team Renzo Gracie Ottawa
Juvenile Boys Gi / Blue / -197 lbs,2,Carter,St Jean,Canada,Gorilla Dojo Kirkland Lake
Juvenile Boys Gi / Blue / -197 lbs,3,Hudson,Bartel,Canada,Ape Jiu Jitsu
Juvenile Boys Gi / Blue / Open Weight,1,Ethan,Wong,Canada,Action & Reaction MMA
Juvenile Boys Gi / Blue / Open Weight,2,Maulood,Ahmad,Canada,Action & Reaction MMA
Juvenile Boys Gi / Blue / Open Weight,3,Carter,St Jean,Canada,Gorilla Dojo Kirkland Lake
Juvenile Boys Gi / Blue / Open Weight,3,Serop,Chavez,Canada,Action & Reaction MMA
Juvenile Girls Gi / White / -125 lbs,1,Irelyn,Murray,Canada,Academia Brazilian JiuJitsu
Juvenile Girls Gi / White / -125 lbs,2,Valerhy,Zerpa,Venezuela,Thompson Jiu Jitsu
"Juvenile Girls Gi / White / -133,6 lbs",1,Simona,Georgieva,Canada,House of Combat
"Juvenile Girls Gi / White / -133,6 lbs",2,Christina,Yefimova,Ukraine,Gracie Barra North York Toronto
"Juvenile Girls Gi / Blue / -106,6 lbs",1,Alexia,Fiaes,Canada,Brampton Brazilian Jiu-Jitsu Academy
"Juvenile Girls Gi / Blue / -106,6 lbs",2,Isabelle,Armstrong,Canada,Armstrong Academy of Martial Arts
"Juvenile Girls Gi / Blue / -106,6 lbs",3,Kendra,Young,Canada,GUVNA BJJ
Juvenile Girls Gi / Blue / -125 lbs,1,Haevyn,Bole,Canada,The Submission Academy
Juvenile Girls Gi / Blue / -125 lbs,2,Franchesca Izabel,Victoria,Philippines,Toronto BJJ
Juvenile Girls Gi / Blue / -125 lbs,3,Flynn,Johnson,Canada,Four-Eleven Brazilian Jiu Jitsu
Juvenile Girls Gi / Blue / -125 lbs,3,Elanor,Gorgati Guidoreni,Brazil,Octa BJJ
"Juvenile Girls Gi / Blue / -133,6 lbs",1,Sophie,Turcotte,Canada,Thompson Jiu Jitsu
"Juvenile Girls Gi / Blue / -133,6 lbs",2,XIAO YING,MA,Brazil,Action & Reaction MMA
"Juvenile Girls Gi / Blue / -133,6 lbs",3,Justus,Johnson,Canada,Kubo Jiujitsu
"Juvenile Girls Gi / Blue / -133,6 lbs",3,Celine,De Freitas,Brazil,Toronto BJJ
Juvenile Girls Gi / Blue / -152 lbs,1,Lillian,Yap,Canada,Pound4Pound - Resolute Jiu-Jitsu
Juvenile Girls Gi / Blue / -152 lbs,2,Lise,Tanguay,Canada,Grounded Studios
Juvenile Girls Gi / Blue / -152 lbs,3,Praachi,Sabharwal,Canada,Four-Eleven Brazilian Jiu Jitsu
Juvenile Girls Gi / Blue / -152 lbs,3,Lilith,Day,Canada,Octa BJJ
Juvenile Girls Gi / Blue / +152 lbs,1,Alyssa,Pistritto,Canada,Kalsamrit Martial Arts
Juvenile Girls Gi / Blue / +152 lbs,2,SeoungRi,Lee,Canada,Octa BJJ
Juvenile Girls Gi / Blue / +152 lbs,3,Abbigale,Friesen,Canada,Grounded Studios
Juvenile Girls Gi / Blue / Open weight,1,Lillian,Yap,Canada,Pound4Pound - Resolute Jiu-Jitsu
Juvenile Girls Gi / Blue / Open weight,2,Abbigale,Friesen,Canada,Grounded Studios
Juvenile Girls Gi / Blue / Open weight,3,Praachi,Sabharwal,Canada,Four-Eleven Brazilian Jiu Jitsu
Juvenile Girls Gi / Blue / Open weight,3,XIAO YING,MA,Brazil,Action & Reaction MMA
Male Gi / Adult / White / Light Feather,1,Edward,Leung,Canada,Ethereal BJJ Academy
Male Gi / Adult / White / Light Feather,2,Adrian Joey,Mongillo,Canada,York Judo &  BJJ
Male Gi / Adult / White / Light Feather,3,Brandon,Barletta,Panama,Team Renzo Gracie Ottawa
Male Gi / Adult / White / Light Feather,3,Sebastian,Ravera,Canada,Action & Reaction MMA
Male Gi / Adult / White / Feather,1,Evan,Jutras,Canada,NKS Brazilian Jiu Jitsu
Male Gi / Adult / White / Feather,2,Savas,Liamakeros,Canada,The Flock MMA Academy
Male Gi / Adult / White / Feather,3,Noal,Roberts,Canada,TROPA DE ELITE BJJ
Male Gi / Adult / White / Feather,3,Jeremiah,Untalasco,Canada,Limitless Brazilian Jiujitsu
Male Gi / Adult / White / Light,1,Austin,McLaren,Canada,BTT Canada AlphaMMA
Male Gi / Adult / White / Light,2,mike,ashby,Canada,Enhanced BJJ
Male Gi / Adult / White / Light,3,Nickesh,Madha,Canada,Primal Academy
Male Gi / Adult / White / Light,3,Giancarlo,Gaetan,Haiti,Team Renzo Gracie Ottawa
Male Gi / Adult / White / Middle,1,Matthew,Alunni,Canada,Academia Brazilian JiuJitsu
Male Gi / Adult / White / Middle,2,jonathan,luna,Canada,Bazooka Kickboxing and MMA
Male Gi / Adult / White / Middle,3,Omar,Blackford,Canada,JT6 BJJ Academy
Male Gi / Adult / White / Middle,3,alper,celik,Canada,Gracie Barra North York Toronto
Male Gi / Adult / White / Medium Heavy,1,Tevin,Piper,Canada,Guardhouse Brazilian Jiu-Jitsu
Male Gi / Adult / White / Medium Heavy,2,Daryl,Haygarth,Canada,Enhanced BJJ
Male Gi / Adult / White / Medium Heavy,3,Austin,Page,Canada,Action & Reaction MMA
Male Gi / Adult / White / Medium Heavy,3,Frank,Pizzimenti,Canada,Gracie Humaita Woodbridge
Male Gi / Adult / White / Heavy,1,Taylor,Rowed,Canada,GUVNA BJJ
Male Gi / Adult / White / Heavy,2,Joshua,Forbes,Canada,Burlington BJJ
Male Gi / Adult / White / Heavy,3,Jerry,Chan,Hong Kong,Action & Reaction MMA
Male Gi / Adult / White / Heavy,3,Jacob,Giczi,Canada,Limitless Brazilian Jiujitsu
Male Gi / Adult / White / Super Heavy,1,Daniel,CANNON,Canada,Eris Martial Arts
Male Gi / Adult / White / Super Heavy,2,Lukas,Barauskas,Canada,Nu Wave Jiu Jitsu Academy
Male Gi / Adult / White / Super Heavy,3,Patrick,Alton,Canada,Huron BJJ
Male Gi / Adult / White / Super Heavy,3,John,Bone,Canada,Taylor Jiu-jitsu
Male Gi / Adult / White / Ultra Heavy,1,Mason,Blair,Canada,BTT Canada AlphaMMA
Male Gi / Adult / White / Ultra Heavy,2,Jaime,Leal,Mexico,Ethereal BJJ Academy
Male Gi / Adult / White / Ultra Heavy,3,Pedro,Cabral,Brazil,OpenMat mma
Male Gi / Adult / White / Ultra Heavy,3,Elmedin,Kertic,Canada,Grand River BJJ Cicero Costha Canada
Male Gi / Adult / Blue / Light Feather,1,Dan,Zuykov,Canada,Sudbury MMA
Male Gi / Adult / Blue / Light Feather,2,Bladen,Anderson,Canada,Pound4Pound - Resolute Jiu-Jitsu
Male Gi / Adult / Blue / Light Feather,3,Lemuel,Nufio-Escobar,Canada,Niagara BJJ ( Cicero Costha)
Male Gi / Adult / Blue / Light Feather,3,Jack,Dempsey,Canada,Niagara BJJ ( Cicero Costha)
Male Gi / Adult / Blue / Light,1,Adam,Sammady,Canada,Action & Reaction MMA
Male Gi / Adult / Blue / Light,2,Ashvin,Desai,Canada,Submissions Academy Milton
Male Gi / Adult / Blue / Light,3,Braiden,Nguyen-Huu,Canada,Team DNA
Male Gi / Adult / Blue / Light,3,Sam,Mauremootoo,Canada,Toronto Jiu-Jitsu Club
Male Gi / Adult / Blue / Middle,1,Logan,Johnson,Canada,Enhanced BJJ
Male Gi / Adult / Blue / Middle,2,Jake,Tahan,Canada,Team Renzo Gracie Ottawa
Male Gi / Adult / Blue / Middle,3,Sphynx,Church,Canada,The Academy Toronto
Male Gi / Adult / Blue / Middle,3,Segundo,Arancibia,Canada,Team DNA
Male Gi / Adult / Blue / Medium Heavy,1,Matthew,Serrano,Canada,Team DNA
Male Gi / Adult / Blue / Medium Heavy,2,Thando,Ncube,Canada,5th Dimension Training Academy
Male Gi / Adult / Blue / Medium Heavy,3,Christopher,Matias,Portugal,Ape Jiu Jitsu
Male Gi / Adult / Blue / Medium Heavy,3,Cash,Kelar,Canada,Greenwood Jiu Jitsu
Male Gi / Adult / Blue / Heavy,1,Noah,Berdowski,Canada,Team Renzo Gracie Ottawa
Male Gi / Adult / Blue / Heavy,2,Kyle,MacPherson,Canada,Silver 7 Martial Arts/Marcelo Garcia Jiu-Jitsu Association (Ottawa)
Male Gi / Adult / Blue / Heavy,3,Ryan,Klassen,Canada,Ape Jiu Jitsu
Male Gi / Adult / Blue / Heavy,3,Brandon,Rao,Canada,SBG Canada
Male Gi / Adult / Blue / Ultra Heavy,1,Mike,Murray,Canada,Kalsamrit Martial Arts
Male Gi / Adult / Blue / Ultra Heavy,2,Patrick,Roloson,Canada,Limitless Brazilian Jiujitsu
Male Gi / Adult / Blue / Ultra Heavy,3,Braedan,Hill,Canada,Grounded Studios
Male Gi / Adult / Blue / Ultra Heavy,3,Ronald,Osei,Canada,OpenMat mma
Male Gi / Adult / Blue / Open Weight - Light,1,Adam,Sammady,Canada,Action & Reaction MMA
Male Gi / Adult / Blue / Open Weight - Light,3,Ashvin,Desai,Canada,Submissions Academy Milton
Male Gi / Adult / Blue / Open Weight - Heavy,1,Mike,Murray,Canada,Kalsamrit Martial Arts
Male Gi / Adult / Blue / Open Weight - Heavy,2,Segundo,Arancibia,Canada,Team DNA
Male Gi / Adult / Blue / Open Weight - Heavy,3,Jake,Tahan,Canada,Team Renzo Gracie Ottawa
Male Gi / Adult / Blue / Open Weight - Heavy,3,Matthew,Serrano,Canada,Team DNA
Male Gi / Adult / Purple / Light,1,Nathan Chin Sing,Fan,Canada,York Judo BJJ
Male Gi / Adult / Purple / Light,2,Charles,De Souza,Canada,Guardhouse Brazilian Jiu-Jitsu
Male Gi / Adult / Purple / Light,3,Aaron,Coombs,Canada,New Union BJJ
Male Gi / Adult / Purple / Middle,1,Warlisson,Miranda,Brazil,Action & Reaction MMA
Male Gi / Adult / Purple / Middle,2,Samuel,Rousseau,Canada,SAMPA BJJ
Male Gi / Adult / Purple / Middle,3,Brent,Boudreau,Canada,Dragan BJJ (Alliance)
Male Gi / Adult / Purple / Middle,3,Alex,Gillespie,Canada,Burlington BJJ
Male Gi / Adult / Purple / Medium Heavy,1,William,Desbois,Canada,Sherbatov Gyms
Male Gi / Adult / Purple / Medium Heavy,2,Logan,Birr,Canada,Four-Eleven Brazilian Jiu Jitsu
Male Gi / Adult / Purple / Medium Heavy,3,Anton,Thorson,Canada,Hayabusa Academy (Kingston)
Male Gi / Adult / Purple / Medium Heavy,3,Roman,Kartofelnikov,Canada,Toronto BJJ
Male Gi / Adult / Purple / Heavy,1,Dolan,Reynolds,United States,Lumber City Combat Sports
Male Gi / Adult / Purple / Heavy,2,Daniel,Voci,Canada,NEO Brazilian Jiu Jitsu
Male Gi / Adult / Purple / Ultra Heavy,1,Simon,Pudwell,Canada,Guardhouse Brazilian Jiu-Jitsu
Male Gi / Adult / Purple / Ultra Heavy,2,Corey,Flude,Canada,Hayabusa Academy (Kingston)
Male Gi / Adult / Purple / Ultra Heavy,3,Zachary,Sarantos,Canada,Newmarket BJJ
Male Gi / Adult / Purple / Ultra Heavy,3,Omar,Perez,Mexico,Yorkdale Martial Arts Academy
Male Gi / Adult / Purple / Open Weight - Light,1,Vitor Henrique,paixão,Brazil,Action & Reaction MMA
Male Gi / Adult / Purple / Open Weight - Light,2,Brent,Boudreau,Canada,Dragan BJJ (Alliance)
Male Gi / Adult / Purple / Open Weight - Heavy,1,Warlisson,Miranda,Brazil,Action & Reaction MMA
Male Gi / Adult / Purple / Open Weight - Heavy,2,Simon,Pudwell,Canada,Guardhouse Brazilian Jiu-Jitsu
Male Gi / Adult / Purple / Open Weight - Heavy,3,Corey,Flude,Canada,Hayabusa Academy (Kingston)
Male Gi / Adult / Purple / Open Weight - Heavy,3,Dolan,Reynolds,United States,Lumber City Combat Sports
Male Gi / Adult / Brown / Light Feather,1,Paulo Ricardo,Santos Alves,Brazil,Lotus Club Brasil
Male Gi / Adult / Brown / Middle,1,Ethan,Major,Canada,Team Renzo Gracie Ottawa
Male Gi / Adult / Brown / Middle,2,Phil,Page,Canada,Silver 7 Martial Arts/Marcelo Garcia Jiu-Jitsu Association (Ottawa)
Male Gi / Adult / Brown / Middle,3,Ryan,Ball,Canada,PSLPB CICERO COSTHA
Male Gi / Adult / Brown / Medium Heavy,1,Graeme,Lipford,Canada,CARLSON GRACIE MONTREAL
Male Gi / Adult / Brown / Medium Heavy,2,nemat,abdullah,Afghanistan,Toronto Jiu-Jitsu Club
Male Gi / Adult / Brown / Heavy,1,Nicholas,guillemette,Canada,Evolution BJJ HQ - Gatineau
Male Gi / Adult / Brown / Heavy,2,Julius,Trimmeliti,Canada,United Grappling Club
Male Gi / Adult / Brown / Heavy,3,Bilal,Elaswad,Canada,Team Renzo Gracie Ottawa
Male Gi / Adult / Brown / Heavy,3,Eduardo Wellington,Freitas da Silva,Brazil,Octa BJJ
Male Gi / Adult / Brown / Open Weight,1,Graeme,Lipford,Canada,CARLSON GRACIE MONTREAL
Male Gi / Adult / Brown / Open Weight,2,Nicholas,guillemette,Canada,Evolution BJJ HQ - Gatineau
Male Gi / Adult / Brown / Open Weight,3,Adam,Scratch,Canada,Toronto Jiu-Jitsu Club
Male Gi / Adult / Brown / Open Weight,3,nemat,abdullah,Afghanistan,Toronto Jiu-Jitsu Club
Male Gi / Adult / Black / Middle,1,Vitor Hugo,Sotini,Brazil,Action & Reaction MMA
Male Gi / Adult / Black / Middle,2,Thomas,Armstrong,Canada,Armstrong Academy of Martial Arts
Male Gi / Adult / Black / Heavy,1,Nathan,Dos Santos,Canada,Toronto BJJ
Male Gi / Adult / Black / Heavy,2,RYAN,ALMONTE,Canada,Yorkdale Martial Arts Academy
Male Gi / Adult / Black / Open Weight,1,Vitor Hugo,Sotini,Brazil,Action & Reaction MMA
Male Gi / Adult / Black / Open Weight,2,Nathan,Dos Santos,Canada,Toronto BJJ
Male Gi / Adult / Black / Open Weight,3,RYAN,ALMONTE,Canada,Yorkdale Martial Arts Academy
Male Gi / Master 1 (30+) / White / Feather,1,Dom,Marini,Canada,Grand River BJJ Cicero Costha Canada
Male Gi / Master 1 (30+) / White / Feather,2,Patrick,Banc,Canada,Brampton Brazilian Jiu-Jitsu Academy
Male Gi / Master 1 (30+) / White / Feather,3,Keon,Pierre,Canada,Action & Reaction MMA
Male Gi / Master 1 (30+) / White / Feather,3,Anatolii,Shkliaruk,Canada,JT6 BJJ Academy
Male Gi / Master 1 (30+) / White / Light,1,David,Ampofo,Canada,KINGJIUJITSU
Male Gi / Master 1 (30+) / White / Light,2,Dylan,Wong,Canada,Action & Reaction MMA
Male Gi / Master 1 (30+) / White / Light,3,Hyeonmin(Jade),An,South Korea,Niagara BJJ ( Cicero Costha)
Male Gi / Master 1 (30+) / White / Light,3,Nestor,Velasquez,Dominican Republic,Niagara BJJ ( Cicero Costha)
Male Gi / Master 1 (30+) / White / Middle,1,Chris,Ryu,Canada,Grappling Arts Academy & Fitness
Male Gi / Master 1 (30+) / White / Middle,2,Pavel,Paddubotski,Belarus,KINGJIUJITSU
Male Gi / Master 1 (30+) / White / Middle,3,Frank,Marchese,Canada,Niagara BJJ ( Cicero Costha)
Male Gi / Master 1 (30+) / White / Middle,3,Ken,MacDermid,Canada,York Judo BJJ
Male Gi / Master 1 (30+) / White / Medium Heavy,1,Oleksandr,Goliachenko,Ukraine,Burlington BJJ
Male Gi / Master 1 (30+) / White / Medium Heavy,2,sebas,morin,Canada,Team Renzo Gracie Ottawa
Male Gi / Master 1 (30+) / White / Medium Heavy,3,Alexander,Morrison,Canada,BTT Canada AlphaMMA
Male Gi / Master 1 (30+) / White / Medium Heavy,3,Danilo,Ferreira,Brazil,Yorkdale Martial Arts Academy
Male Gi / Master 1 (30+) / White / Heavy,1,Joshua,Graham,Canada,New Union BJJ
Male Gi / Master 1 (30+) / White / Heavy,2,Sean,Fyfle,Canada,Ethereal BJJ Academy
Male Gi / Master 1 (30+) / White / Heavy,3,Josh,Jones,Canada,MN BJJ Academy
Male Gi / Master 1 (30+) / White / Heavy,3,HASAN,FEYZIYEV,Canada,KINGJIUJITSU
Male Gi / Master 1 (30+) / White / Super Heavy,1,Jerome,Yumul,Canada,NEO Brazilian Jiu Jitsu
Male Gi / Master 1 (30+) / White / Super Heavy,2,Leni,Filgueira,Brazil,Gracie Barra North York Toronto
Male Gi / Master 1 (30+) / White / Super Heavy,3,Peter,Wilson,Canada,Toronto Jiu-Jitsu Club
Male Gi / Master 1 (30+) / White / Super Heavy,3,Jade,Meppelder,Canada,Revelation Martial Arts and Fitness
Male Gi / Master 1 (30+) / White / Ultra Heavy,1,Mitch,Di Venanzo,Canada,MSJ COMBAT
Male Gi / Master 1 (30+) / White / Ultra Heavy,2,Anel,Kertic,Canada,Grand River BJJ Cicero Costha Canada
Male Gi / Master 1 (30+) / White / Ultra Heavy,3,Richard,Storto,Canada,Action & Reaction MMA
Male Gi / Master 1 (30+) / White / Ultra Heavy,3,James,Savage,Canada,Oshawa BJJ and Fitness
Male Gi / Master 1 (30+) / Blue / Feather,1,Kalvin,Ng,Canada,Vaughan Jiu-Jitsu Academy
Male Gi / Master 1 (30+) / Blue / Feather,2,Leonardo,Olvera,Mexico,Action & Reaction MMA
Male Gi / Master 1 (30+) / Blue / Feather,3,Andrew,Bilicky,Canada,The Submission Academy
Male Gi / Master 1 (30+) / Blue / Feather,3,Sebastian,Ballesteros,Peru,Octa BJJ
Male Gi / Master 1 (30+) / Blue / Light,1,Joshua,Edwards,Canada,Cambridge BJJ
Male Gi / Master 1 (30+) / Blue / Light,2,Sonny,Giannopoulos,Canada,Gracie Barra London Canada
Male Gi / Master 1 (30+) / Blue / Light,3,George,Zedelashvili,Georgia,Action & Reaction MMA
Male Gi / Master 1 (30+) / Blue / Light,3,Eduardo,Nájera,Mexico,Nu Wave Jiu Jitsu Academy
Male Gi / Master 1 (30+) / Blue / Middle,1,Randy,Gilmore,Canada,Orangeville Brazilian Jiu-Jitsu Academy
Male Gi / Master 1 (30+) / Blue / Middle,2,Daniel,Yin,Canada,Salvosa BJJ/Ascension
Male Gi / Master 1 (30+) / Blue / Middle,3,John,Caruana,Canada,Action & Reaction MMA
Male Gi / Master 1 (30+) / Blue / Middle,3,Cody,Gillies,Canada,Orangeville Brazilian Jiu-Jitsu Academy
Male Gi / Master 1 (30+) / Blue / Medium Heavy,1,Richard,Guo,Canada,Salvosa BJJ/Ascension
Male Gi / Master 1 (30+) / Blue / Medium Heavy,2,Ariel,Rodello,Brazil,Newmarket BJJ
Male Gi / Master 1 (30+) / Blue / Medium Heavy,3,Noah,Zhou,China,Action & Reaction MMA
Male Gi / Master 1 (30+) / Blue / Medium Heavy,3,Endri,Hoxha,Canada,JT6 BJJ Academy
Male Gi / Master 1 (30+) / Blue / Heavy,1,Taylor,Workman,Canada,Lopes BJJ
Male Gi / Master 1 (30+) / Blue / Heavy,2,Matthew,Rossit-Lavigne,Canada,Ethereal BJJ Academy
Male Gi / Master 1 (30+) / Blue / Heavy,3,Andjelo,Kalashnikov,Serbia,Hamilton BJJ
Male Gi / Master 1 (30+) / Blue / Heavy,3,Elnur,Kasumov,Canada,Yorkdale Martial Arts Academy
Male Gi / Master 1 (30+) / Blue / Super Heavy,1,Peter-Alexander,Spanos,Canada,Ethereal BJJ Academy
Male Gi / Master 1 (30+) / Blue / Super Heavy,2,Daniel,Doyle,Canada,Bora BJJ
Male Gi / Master 1 (30+) / Blue / Super Heavy,3,Nathan,Lavigne,Canada,Joslin’s MMA
Male Gi / Master 1 (30+) / Blue / Super Heavy,3,Tyler,MacDonald,Canada,Concept BJJ Academy
Male Gi / Master 1 (30+) / Blue / Ultra Heavy,1,HENRIQUE,SERRAO,Brazil,Yorkdale Martial Arts Academy
Male Gi / Master 1 (30+) / Blue / Ultra Heavy,2,Nicholas,Bixcul,Canada,Yorkdale Martial Arts Academy
Male Gi / Master 1 (30+) / Blue / Open Weight,1,Peter-Alexander,Spanos,Canada,Ethereal BJJ Academy
Male Gi / Master 1 (30+) / Blue / Open Weight,2,HENRIQUE,SERRAO,Brazil,Yorkdale Martial Arts Academy
Male Gi / Master 1 (30+) / Blue / Open Weight,3,Ariel,Rodello,Brazil,Newmarket BJJ
Male Gi / Master 1 (30+) / Blue / Open Weight,3,Andrew,Bilicky,Canada,The Submission Academy
Male Gi / Master 1 (30+) / Purple / Light,1,Ti,Tran,Canada,Team DNA
Male Gi / Master 1 (30+) / Purple / Light,2,Symeon,Kharalampiiev,Ukraine,Nu Wave Jiu Jitsu Academy
Male Gi / Master 1 (30+) / Purple / Light,3,Willis,Lettre,Hong Kong,CARLSON GRACIE MONTREAL
Male Gi / Master 1 (30+) / Purple / Light,3,David,Carroll,Canada,Hawkesbury Martial Arts
Male Gi / Master 1 (30+) / Purple / Middle,1,Kash,Chalak,Canada,Bora BJJ
Male Gi / Master 1 (30+) / Purple / Middle,2,Moshe,Fogel,Canada,De La Costa Academy Ottawa
Male Gi / Master 1 (30+) / Purple / Middle,3,Wes,Trott,Canada,Action & Reaction MMA
Male Gi / Master 1 (30+) / Purple / Medium Heavy,1,Juniors,Damy,Madagascar,De La Costa Academy Ottawa
Male Gi / Master 1 (30+) / Purple / Medium Heavy,2,Zachary,Smith,Canada,Ethereal BJJ Academy
Male Gi / Master 1 (30+) / Purple / Medium Heavy,3,Blake,Sing,Canada,Yorkdale Martial Arts Academy
Male Gi / Master 1 (30+) / Purple / Medium Heavy,3,Matt,Tokuc,Canada,Passador Jiu Jitsu Academy
Male Gi / Master 1 (30+) / Purple / Open Weight,1,Wes,Trott,Canada,Action & Reaction MMA
Male Gi / Master 1 (30+) / Purple / Open Weight,2,Moshe,Fogel,Canada,De La Costa Academy Ottawa
Male Gi / Master 1 (30+) / Purple / Open Weight,3,Willis,Lettre,Hong Kong,CARLSON GRACIE MONTREAL
Male Gi / Master 1 (30+) / Purple / Open Weight,3,Eric,Weiss,Canada,Toronto BJJ
Male Gi / Master 1 (30+) / Brown/Black / Light Feather,1,Cameron,Lepage,Canada,Paradigm Martial Arts
Male Gi / Master 1 (30+) / Brown/Black / Light Feather,2,Tyler,Weaver,Canada,Niagara BJJ ( Cicero Costha)
Male Gi / Master 1 (30+) / Brown/Black / Light Feather,3,Lam,Ngo,Canada,Joslin’s MMA
Male Gi / Master 1 (30+) / Brown/Black / Feather,1,kevin,wheeler,Canada,Action & Reaction MMA
Male Gi / Master 1 (30+) / Brown/Black / Feather,2,Seth,Quiring,Canada,PSLPB CICERO COSTHA
Male Gi / Master 1 (30+) / Brown/Black / Feather,3,Jason,Yee,Canada,JT6 BJJ Academy
Male Gi / Master 1 (30+) / Brown/Black / Feather,3,Patrick,Mendoza,Dominican Republic,Salvosa BJJ/Ascension
Male Gi / Master 1 (30+) / Brown/Black / Light,1,david,mosleh,Canada,Jiu-Jitsu for Life Team Canada
Male Gi / Master 1 (30+) / Brown/Black / Light,2,Ryan,O'Shea,Canada,Stratford BJJ
Male Gi / Master 1 (30+) / Brown/Black / Light,3,Colin,MacMichael,Canada,Anchor Combat Academy
Male Gi / Master 1 (30+) / Brown/Black / Light,3,Lucas,Bedard,Canada,Grounded Studios
Male Gi / Master 1 (30+) / Brown/Black / Middle,1,andrew,racine,Canada,Renzo Gracie Oama Montreal
Male Gi / Master 1 (30+) / Brown/Black / Middle,2,Pavel,Poiarkov,Russia,KINGJIUJITSU
Male Gi / Master 1 (30+) / Brown/Black / Middle,3,Nicholas,Reyes,Philippines,JT6 BJJ Academy
Male Gi / Master 1 (30+) / Brown/Black / Middle,3,Keon,Park,South Korea,Toronto BJJ
Male Gi / Master 1 (30+) / Brown/Black / Medium Heavy,1,dainis,nguyen huu,Canada,Team DNA
Male Gi / Master 1 (30+) / Brown/Black / Medium Heavy,2,AKIRA,DANSON,Canada,Newmarket BJJ
Male Gi / Master 1 (30+) / Brown/Black / Medium Heavy,3,Marko,Pavlovic,Serbia,OpenMat mma
Male Gi / Master 1 (30+) / Brown/Black / Super Heavy,1,Cody,Maccharles,Canada,Action & Reaction MMA
Male Gi / Master 1 (30+) / Brown/Black / Super Heavy,2,Josh,Sequeira,Canada,Yorkdale Martial Arts Academy
Male Gi / Master 1 (30+) / Brown/Black / Super Heavy,3,Stephen,Bennett,Canada,The Grappling Garden
Male Gi / Master 1 (30+) / Brown/Black / Super Heavy,3,Justin,Sim,Canada,Progression BJJ
Male Gi / Master 1 (30+) / Brown/Black / Open Weight,1,dainis,nguyen huu,Canada,Team DNA
Male Gi / Master 1 (30+) / Brown/Black / Open Weight,2,Antonio,Dimitrovski,North Macedonia,Action & Reaction MMA
Male Gi / Master 2 (40+) / White / Feather,1,Norman,Greedy,Canada,NEO Brazilian Jiu Jitsu
Male Gi / Master 2 (40+) / White / Feather,2,Paolo,Trulli,Canada,NEO Brazilian Jiu Jitsu
Male Gi / Master 2 (40+) / White / Feather,3,Jeff,Johnson,Canada,RENZO GRACIE ACADEMY OTTAWA
Male Gi / Master 2 (40+) / White / Feather,3,George,Tsintzouras,Canada,Octa BJJ
Male Gi / Master 2 (40+) / White / Light,1,Neil,Ortilla,Canada,Grappling Arts Academy & Fitness
Male Gi / Master 2 (40+) / White / Light,2,Kaream,Osman,Canada,Ottawa Academy of Martial Arts
Male Gi / Master 2 (40+) / White / Light,3,Rudy,Ionides,Canada,Greenwood Jiu Jitsu
Male Gi / Master 2 (40+) / White / Light,3,David,Murray,Canada,Academia Brazilian JiuJitsu
Male Gi / Master 2 (40+) / White / Middle,1,Gilles,Lamarche,Canada,Sudbury MMA
Male Gi / Master 2 (40+) / White / Middle,2,Andrew,Lui,Canada,"Battle Arts Academy, Mississauga"
Male Gi / Master 2 (40+) / White / Middle,3,Dave,Saville,Canada,Toronto BJJ
Male Gi / Master 2 (40+) / White / Middle,3,Jonathan,Whelan,Canada,Lopes BJJ
Male Gi / Master 2 (40+) / White / Heavy,1,Maor,Shpans,Canada,KINGJIUJITSU
Male Gi / Master 2 (40+) / White / Heavy,2,Svennapier,MacPherson,Canada,KINGJIUJITSU
Male Gi / Master 2 (40+) / White / Heavy,3,Bruno,Aguiar Barbosa Braga,Brazil,Submissions Academy Milton
Male Gi / Master 2 (40+) / White / Heavy,3,Joe,Manley,Canada,World Championship Martial Arts
Male Gi / Master 2 (40+) / White / Super Heavy,1,Armando,Ortega,Nicaragua,STASIS
Male Gi / Master 2 (40+) / White / Super Heavy,2,Tony,Yanuziello,Canada,Eris Martial Arts
Male Gi / Master 2 (40+) / White / Super Heavy,3,Matt,Davis,Canada,Rumble Martial Arts
Male Gi / Master 2 (40+) / White / Super Heavy,3,Jason,Sutcliffe,Canada,GUVNA BJJ
Male Gi / Master 2 (40+) / White / Ultra Heavy,1,Shawn,Conley,Canada,Octa BJJ
Male Gi / Master 2 (40+) / White / Ultra Heavy,2,Phil,Howie,Canada,5th Dimension Training Academy
Male Gi / Master 2 (40+) / White / Ultra Heavy,3,NORRIS,FRANCIS,Canada,MSJ COMBAT
Male Gi / Master 2 (40+) / White / Ultra Heavy,3,Alexandr,Visnea,Canada,Submissions Academy Milton
Male Gi / Master 2 (40+) / Blue / Light Feather,1,Joseph,Kim,Canada,JT6 BJJ Academy
Male Gi / Master 2 (40+) / Blue / Light Feather,2,John,See,Canada,Grappling Arts Academy & Fitness
Male Gi / Master 2 (40+) / Blue / Feather,1,Adam,Caplan,Canada,Toronto Top Team
Male Gi / Master 2 (40+) / Blue / Feather,2,Zanoni,Ngira,Canada,Niagara BJJ ( Cicero Costha)
Male Gi / Master 2 (40+) / Blue / Feather,3,Ken,Lewis,Canada,Academia Brazilian JiuJitsu
Male Gi / Master 2 (40+) / Blue / Feather,3,bradley,mullan,Canada,Mamute Martial Arts Academy
Male Gi / Master 2 (40+) / Blue / Light,1,derek,ratcliffe,Canada,House of Combat
Male Gi / Master 2 (40+) / Blue / Light,2,Andrew,Kim,Canada,NEO Brazilian Jiu Jitsu
Male Gi / Master 2 (40+) / Blue / Light,3,Donny,Carmichael,Canada,Hayabusa Academy (Kingston)
Male Gi / Master 2 (40+) / Blue / Light,3,Frank,Bellehumeur,Canada,Northstar Martial Arts Sudbury
Male Gi / Master 2 (40+) / Blue / Middle,1,Derek,Woodruff,Canada,Pound4Pound - Resolute Jiu-Jitsu
Male Gi / Master 2 (40+) / Blue / Middle,2,Mark,Engelhardt,Canada,The Submission Academy
Male Gi / Master 2 (40+) / Blue / Middle,3,Chris,Kowaluk,Canada,Cavalo Martial Arts Academy
Male Gi / Master 2 (40+) / Blue / Middle,3,Hari,Ghuman,Canada,BTT Canada AlphaMMA
Male Gi / Master 2 (40+) / Blue / Medium Heavy,1,Jean-Sébastien,Lemay,Canada,SAMPA BJJ
Male Gi / Master 2 (40+) / Blue / Medium Heavy,2,JOSH,SMITH,Canada,Rumble Martial Arts
Male Gi / Master 2 (40+) / Blue / Medium Heavy,3,Genna,Gelfand,Canada,Newmarket BJJ
Male Gi / Master 2 (40+) / Blue / Medium Heavy,3,Chris,Ludgate,Canada,Bowen Brasa JiuJitsu
Male Gi / Master 2 (40+) / Blue / Heavy,1,Hugh,Hennessey,Canada,Brampton Brazilian Jiu-Jitsu Academy
Male Gi / Master 2 (40+) / Blue / Open Weight,1,Hugh,Hennessey,Canada,Brampton Brazilian Jiu-Jitsu Academy
Male Gi / Master 2 (40+) / Blue / Open Weight,2,Andrew,Kim,Canada,NEO Brazilian Jiu Jitsu
Male Gi / Master 2 (40+) / Blue / Open Weight,3,Chris,Ludgate,Canada,Bowen Brasa JiuJitsu
Male Gi / Master 2 (40+) / Purple / Feather,1,Nicholas,Stedman,Canada,Toronto Jiu-Jitsu Club
Male Gi / Master 2 (40+) / Purple / Feather,2,Kevin,Ban,Canada,Newmarket BJJ
Male Gi / Master 2 (40+) / Purple / Feather,3,chris,tilson,Canada,The Submission Academy
Male Gi / Master 2 (40+) / Purple / Feather,3,ian,wismer,Canada,Yorkdale Martial Arts Academy
Male Gi / Master 2 (40+) / Purple / Light,1,Vasyl,Kapustian,Canada,King Jiu Jitsu
Male Gi / Master 2 (40+) / Purple / Light,2,Carlo,Filice,Canada,Academia Brazilian JiuJitsu
Male Gi / Master 2 (40+) / Purple / Light,3,Babak,Rafat,Canada,JT6 BJJ Academy
Male Gi / Master 2 (40+) / Purple / Light,3,Mack,Ketchell,Canada,Newmarket BJJ
Male Gi / Master 2 (40+) / Purple / Medium Heavy,1,Alan,Titone,United States,Saint Barth BJJ
Male Gi / Master 2 (40+) / Purple / Medium Heavy,2,David,Dwyer,Canada,The Submission Academy
Male Gi / Master 2 (40+) / Purple / Medium Heavy,3,Neil,Loserro,Canada,Brampton Brazilian Jiu-Jitsu Academy
Male Gi / Master 2 (40+) / Purple / Medium Heavy,3,Roopjot,Sandhur,Canada,Orangeville Brazilian Jiu-Jitsu Academy
Male Gi / Master 2 (40+) / Purple / Heavy,1,Riccardo,Fronte,Canada,Orangeville Brazilian Jiu-Jitsu Academy
Male Gi / Master 2 (40+) / Purple / Heavy,2,Joseph,Brightman,Canada,Academia Brazilian JiuJitsu
Male Gi / Master 2 (40+) / Purple / Super Heavy,1,Cameron,Levitt,Canada,Ethereal BJJ Academy
Male Gi / Master 2 (40+) / Purple / Ultra Heavy,1,George,Libarian,Canada,Cavalo Martial Arts Academy
Male Gi / Master 2 (40+) / Purple / Ultra Heavy,2,Vinicius,Fernandes,Brazil,Octa BJJ
Male Gi / Master 2 (40+) / Purple / Ultra Heavy,3,Josh,Connor,Canada,Academix Academy
Male Gi / Master 2 (40+) / Purple / Ultra Heavy,3,Joe,Kennedy,Canada,Academia Brazilian JiuJitsu
Male Gi / Master 2 (40+) / Purple / Open Weight,1,shawn,meehan,Canada,Action & Reaction MMA
Male Gi / Master 2 (40+) / Purple / Open Weight,2,Cameron,Levitt,Canada,Ethereal BJJ Academy
Male Gi / Master 2 (40+) / Purple / Open Weight,3,Lindsay,Austin,Canada,Pound4Pound - Resolute Jiu-Jitsu
Male Gi / Master 2 (40+) / Purple / Open Weight,3,Carlo,Filice,Canada,Academia Brazilian JiuJitsu
Male Gi / Master 2 (40+) / Brown/Black / Feather,1,Thiago,Barbosa,Brazil,Newmarket BJJ
Male Gi / Master 2 (40+) / Brown/Black / Feather,2,Brian,Rafat,Canada,PSLPB CICERO COSTHA
Male Gi / Master 2 (40+) / Brown/Black / Feather,3,Chris,Nepomuceno,Philippines,Jiu-Jitsu for Life Team Canada
Male Gi / Master 2 (40+) / Brown/Black / Feather,3,Vitaly,Kraversky,Canada,Champs Academy Canada
Male Gi / Master 2 (40+) / Brown/Black / Light,1,Kyle,Sleeman,Canada,Action & Reaction MMA
Male Gi / Master 2 (40+) / Brown/Black / Light,2,Raul,Chavez,Canada,Action & Reaction MMA
Male Gi / Master 2 (40+) / Brown/Black / Light,3,Wayne,Hua,Canada,Toronto Jiu-Jitsu Club
Male Gi / Master 2 (40+) / Brown/Black / Light,3,Shyam,Tanna,Canada,NEO Brazilian Jiu Jitsu
Male Gi / Master 2 (40+) / Brown/Black / Middle,1,Shaun,Garrity,Canada,Huron BJJ
Male Gi / Master 2 (40+) / Brown/Black / Middle,2,Eliezer,Pedroso,Canada,Brampton Brazilian Jiu-Jitsu Academy
Male Gi / Master 2 (40+) / Brown/Black / Heavy,1,Sean,Cumberbatch,Canada,Action & Reaction MMA
Male Gi / Master 2 (40+) / Brown/Black / Heavy,2,Peter,Constantine,Canada,Submissions Brazilian Jiu Jitsu Academy
Male Gi / Master 2 (40+) / Brown/Black / Heavy,3,George,Headley,Canada,Progression BJJ
Male Gi / Master 2 (40+) / Brown/Black / Heavy,3,MICHAEL,PEARSON,Canada,Nu Wave Jiu Jitsu Academy
Male Gi / Master 2 (40+) / Brown/Black / Ultra Heavy,1,nick,castiglia,Canada,Gracie Barra Ottawa
Male Gi / Master 2 (40+) / Brown/Black / Ultra Heavy,2,Garner,Lupo,Canada,Toronto BJJ
Male Gi / Master 2 (40+) / Brown/Black / Ultra Heavy,3,Kenneth,Rose,Canada,Nu Wave Jiu Jitsu Academy
Male Gi / Master 2 (40+) / Brown/Black / Ultra Heavy,3,Breno,Mendes,Brazil,JT6 BJJ Academy
Male Gi / Master 2 (40+) / Brown/Black / Open Weight,1,nick,castiglia,Canada,Gracie Barra Ottawa
Male Gi / Master 2 (40+) / Brown/Black / Open Weight,2,Raul,Chavez,Canada,Action & Reaction MMA
Male Gi / Master 2 (40+) / Brown/Black / Open Weight,3,Eliezer,Pedroso,Canada,Brampton Brazilian Jiu-Jitsu Academy
Male Gi / Master 2 (40+) / Brown/Black / Open Weight,3,Peter,Constantine,Canada,Submissions Brazilian Jiu Jitsu Academy
Male Gi / Master 3 (50+) / White / Middle,1,Jeff,Upson,Canada,Action & Reaction MMA
Male Gi / Master 3 (50+) / White / Middle,2,Robert,Lee,Canada,Ethereal BJJ Academy
Male Gi / Master 3 (50+) / White / Middle,3,Marco,Costa,Brazil,Wolf BJJ Toronto
Male Gi / Master 3 (50+) / White / Middle,3,Eric,Thorson,Canada,Hayabusa Academy (Kingston)
Male Gi / Master 3 (50+) / Blue / Feather,1,Gino,D'Angelo,Canada,Academia Brazilian JiuJitsu
Male Gi / Master 3 (50+) / Blue / Feather,2,Stephen,Lu,Canada,Nu Wave Jiu Jitsu Academy
Male Gi / Master 3 (50+) / Blue / Light,1,Robert,Cumming,Canada,YGK - BO4 Kingston
Male Gi / Master 3 (50+) / Blue / Light,2,Lawrence,Song,Canada,York Judo BJJ
Male Gi / Master 3 (50+) / Blue / Light,3,james,parenteau,Canada,Therien - Gringo Bjj
Male Gi / Master 3 (50+) / Blue / Light,3,Adams,Leye,Senegal,Limitless Brazilian Jiujitsu
Male Gi / Master 3 (50+) / Blue / Middle,1,Oleg,Waisberg,Canada,905 Brazilian Jiu-Jitsu
Male Gi / Master 3 (50+) / Blue / Middle,2,Allan,Russell,Canada,Toronto Jiu-Jitsu Club
Male Gi / Master 3 (50+) / Blue / Medium Heavy,1,Alex,Tang,Canada,Grappling Arts Academy & Fitness
Male Gi / Master 3 (50+) / Blue / Medium Heavy,2,Lionel,Bebbington,Canada,Ethereal BJJ Academy
Male Gi / Master 3 (50+) / Blue / Medium Heavy,3,Dan,Hood,Canada,Kemptville Academy of Martial Arts
Male Gi / Master 3 (50+) / Blue / Ultra Heavy,1,Kevin,McCargar,Canada,Kemptville Academy of Martial Arts
Male Gi / Master 3 (50+) / Blue / Open Weight,1,Derek,Jongkind,Canada,Orangeville Brazilian Jiu-Jitsu Academy
Male Gi / Master 3 (50+) / Blue / Open Weight,2,Alex,Tang,Canada,Grappling Arts Academy & Fitness
Male Gi / Master 3 (50+) / Blue / Open Weight,3,james,parenteau,Canada,Therien - Gringo Bjj
Male Gi / Master 3 (50+) / Blue / Open Weight,3,Kevin,McCargar,Canada,Kemptville Academy of Martial Arts
Male Gi / Master 3 (50+) / Purple / Light,1,Adam,Rickman,Canada,Toronto Top Team
Male Gi / Master 3 (50+) / Purple / Light,2,David,Anderson,Canada,STASIS
Male Gi / Master 3 (50+) / Purple / Light,3,Konstantin,Darovin,Canada,Warrior Mixed Martial Arts - Newmarket
Male Gi / Master 3 (50+) / Purple / Light,3,Paul,Ganley,Canada,York Judo BJJ
Male Gi / Master 3 (50+) / Purple / Middle,1,Husam,Kharouba,Canada,Action & Reaction MMA
Male Gi / Master 3 (50+) / Purple / Middle,2,Cliff,Poulton,Canada,Detroit Jiu-Jitsu Syndicate
Male Gi / Master 3 (50+) / Purple / Middle,3,Shawn,Cox,Canada,Orangeville Brazilian Jiu-Jitsu Academy
Male Gi / Master 3 (50+) / Brown/Black / Medium Heavy,1,Robert,Kochut,Canada,TROOP BJJ
Male Gi / Master 3 (50+) / Brown/Black / Medium Heavy,2,Miguel,Santos,Canada,NEO Brazilian Jiu Jitsu
Male Gi / Master 3 (50+) / Brown/Black / Medium Heavy,3,Mark,Boreland,Canada,brazilian top team (canada)
Male Gi / Master 3 (50+) / Brown/Black / Medium Heavy,3,Greg,Carrasco,Canada,Octa BJJ
Male Gi / Master 3 (50+) / Brown/Black / Super Heavy,1,David,Beckles,Canada,Dynamite BJJ (Cicero Costha)
Male Gi / Master 3 (50+) / Brown/Black / Super Heavy,2,Simon,Hepworth,Canada,Action & Reaction MMA
Male Gi / Master 3 (50+) / Brown/Black / Super Heavy,3,Jeremy,Berriault,Canada,Gracie Humaita Woodbridge
Male Gi / Master 3 (50+) / Brown/Black / Open Weight,1,David,Beckles,Canada,Dynamite BJJ (Cicero Costha)
Male Gi / Master 3 (50+) / Brown/Black / Open Weight,2,Greg,Carrasco,Canada,Octa BJJ
Female Gi / Adult / White / Light Feather,1,Jasmine,Leung,Canada,Action & Reaction MMA
Female Gi / Adult / White / Light Feather,2,Judith,Dyck,Canada,Crossroads Martial Fitness Academy
Female Gi / Adult / White / Feather,1,Sara,McKinlay,Canada,Rumble Martial Arts
Female Gi / Adult / White / Feather,2,Katya,Shestayeva,Canada,Vaughan Jiu-Jitsu Academy
Female Gi / Adult / White / Feather,3,Huinie,Pan,China,De La Costa Academy Ottawa
Female Gi / Adult / White / Feather,3,Lisa,Young,United States,Oshawa BJJ and Fitness
Female Gi / Adult / White / Light,1,Myranda,MacPherson,Canada,Silver 7 Martial Arts/Marcelo Garcia Jiu-Jitsu Association (Ottawa)
Female Gi / Adult / White / Light,2,Ligaya,Stinellis,Canada,Pura BJJ
Female Gi / Adult / White / Light,3,Grace,Ayres,Canada,Limitless Brazilian Jiujitsu
Female Gi / Adult / White / Light,3,Chang,Ge,China,Action & Reaction MMA
Female Gi / Adult / White / Middle,1,Isabella,Filippazzo,Canada,Bazooka Kickboxing and MMA
Female Gi / Adult / White / Middle,2,Sydney,Flood,Canada,Lopes BJJ
Female Gi / Adult / White / Middle,3,Marilou,Hews,Canada,Sherbatov Gyms
Female Gi / Adult / White / Middle,3,Riyana,Karim Hajiani,Canada,Oshawa BJJ and Fitness
Female Gi / Adult / White / Medium Heavy,1,Laura,Campbell,Canada,Gracie Barra North York Toronto
Female Gi / Adult / White / Medium Heavy,2,Rania,Chalabi,France,CARLSON GRACIE MONTREAL
Female Gi / Adult / White / Super Heavy,1,Amirah,Anderson-Richards,Canada,Dynamite BJJ (Cicero Costha)
Female Gi / Adult / White / Super Heavy,2,Monica,Obregon,Nicaragua,Action & Reaction MMA
Female Gi / Adult / White / Super Heavy,3,Nicole,Taylor,Canada,Cambridge BJJ
Female Gi / Adult / White / Super Heavy,3,Victoria,Blaauw,Canada,Wildlings Martial Arts
Female Gi / Adult / Blue / Light Feather,1,Maria,Fakhouri,Canada,De La Costa Academy Ottawa
Female Gi / Adult / Blue / Light Feather,2,Betty,Huang,Canada,-No academy
Female Gi / Adult / Blue / Light Feather,3,Miriam,Ciss,Canada,House of Combat
Female Gi / Adult / Blue / Feather,1,Lauren,Engelhardt,Canada,The Submission Academy
Female Gi / Adult / Blue / Feather,2,Gabby,Aumont,Canada,Grounded Studios
Female Gi / Adult / Blue / Feather,3,Danika,Katona,Canada,Guardhouse Brazilian Jiu-Jitsu
Female Gi / Adult / Blue / Feather,3,Alexis,Da silva cabral,Canada,Taylor Jiu-jitsu
Female Gi / Adult / Blue / Light,1,Aubrey,Formica,Canada,Cambridge BJJ
Female Gi / Adult / Blue / Light,2,Amanda,Santos,Brazil,Gracie Barra North York Toronto
Female Gi / Adult / Blue / Light,3,Lara,Al-Jamal,Canada,MN BJJ Academy
Female Gi / Adult / Blue / Light,3,Kyla,Welcher,Canada,Yorkdale Martial Arts Academy
Female Gi / Adult / Blue / Middle,1,Leah,Wills,Canada,Tanuki Martial Arts
Female Gi / Adult / Blue / Middle,2,Julie,C,Canada,De La Costa Academy Ottawa
Female Gi / Adult / Blue / Middle,3,Kim,Villemure,Canada,Sherbatov Gyms
Female Gi / Adult / Blue / Middle,3,Jessica,Lee,Canada,Octa BJJ
Female Gi / Adult / Blue / Medium Heavy,1,Laura,Nuttall,Canada,Team Renzo Gracie Ottawa
Female Gi / Adult / Blue / Medium Heavy,2,Alysia,Slater,Canada,Oshawa BJJ and Fitness
Female Gi / Adult / Blue / Medium Heavy,3,Holly,Parker,Canada,STASIS
Female Gi / Adult / Blue / Medium Heavy,3,Rebecca,Dyck,Canada,Bowen Brasa JiuJitsu
Female Gi / Adult / Blue / Heavy,1,Ekaterina,Lachilova,Russia,Freestyle Dojo
Female Gi / Adult / Blue / Heavy,2,arielle,lopes,Canada,Yorkdale Martial Arts Academy
Female Gi / Adult / Blue / Super Heavy,1,Melissa,Scott,Canada,Fifth-Gen Jiu Jitsu Team
Female Gi / Adult / Blue / Super Heavy,2,Melissa,Baiocchi,Canada,Hayabusa Academy (Kingston)
Female Gi / Adult / Blue / Super Heavy,3,andrea,campeau,Canada,Therien - Gringo Bjj
Female Gi / Adult / Blue / Super Heavy,3,Hunter,Lalonde,Canada,Team Renzo Gracie Ottawa
Female Gi / Adult / Blue / Open Weight,1,andrea,campeau,Canada,Therien - Gringo Bjj
Female Gi / Adult / Blue / Open Weight,2,Ekaterina,Lachilova,Russia,Freestyle Dojo
Female Gi / Adult / Blue / Open Weight,3,Laura,Nuttall,Canada,Team Renzo Gracie Ottawa
Female Gi / Adult / Blue / Open Weight,3,Gabby,Aumont,Canada,Grounded Studios
Female Gi / Adult / Purple / Feather,1,Isabella,Fortes,Brazil,Action & Reaction MMA
Female Gi / Adult / Purple / Feather,2,Desiree,Lussier-Levesque,United States,Mizu Studio
Female Gi / Adult / Purple / Feather,3,mateja,vukojevic,Canada,5th Dimension Training Academy
Female Gi / Adult / Purple / Feather,3,Monika,Macki,Canada,York Judo BJJ
Female Gi / Adult / Purple / Light,1,kesia,lozada,Canada,Toronto BJJ
Female Gi / Adult / Purple / Light,2,Hanna,Hepworth,Canada,Action & Reaction MMA
Female Gi / Adult / Purple / Light,3,Suriya,Desai,Canada,Submissions Academy Milton
Female Gi / Adult / Purple / Light,3,Samantha,Hattlestad,Canada,Gracie Barra Ott
Female Gi / Adult / Purple / Open Weight,1,Isabella,Fortes,Brazil,Action & Reaction MMA
Female Gi / Adult / Purple / Open Weight,2,Julianna,Wong,Canada,Action & Reaction MMA
Female Gi / Adult / Purple / Open Weight,3,kesia,lozada,Canada,Toronto BJJ
Female Gi / Adult / Purple / Open Weight,3,mateja,vukojevic,Canada,5th Dimension Training Academy
Female Gi / Adult / Brown/Black / Light,1,Felicia,Marceau,Canada,Action & Reaction MMA
Female Gi / Adult / Brown/Black / Light,2,claude,roy,Canada,MILE END JIU JITSU CLUB
Female Gi / Adult / Brown/Black / Light,3,Raechel,Bandurchin,Canada,Action & Reaction MMA
Female Gi / Adult / Brown/Black / Medium Heavy,1,Ana,Brandao,Brazil,Action & Reaction MMA
Female Gi / Adult / Brown/Black / Medium Heavy,2,Katrina,Mattern,Canada,Straight Blast Gym Edmonton
Female Gi / Adult / Brown/Black / Super Heavy,1,Siobhan,Barnes,Canada,Action & Reaction MMA
Female Gi / Adult / Brown/Black / Super Heavy,2,Alison,Tremblay,Canada,BTT Canada AlphaMMA
Female Gi / Adult / Brown/Black / Open Weight,1,Siobhan,Barnes,Canada,Action & Reaction MMA
Female Gi / Adult / Brown/Black / Open Weight,2,Alison,Tremblay,Canada,BTT Canada AlphaMMA
Female Gi / Adult / Brown/Black / Open Weight,3,Katrina,Mattern,Canada,Straight Blast Gym Edmonton
Female Gi / Adult / Brown/Black / Open Weight,3,Ana,Brandao,Brazil,Action & Reaction MMA
Female Gi / Master 1 (30+) / White / Light Feather,1,Nareerat,Areesawasdi,Thailand,Action & Reaction MMA
Female Gi / Master 1 (30+) / White / Light Feather,2,Wendy,Rivera,Canada,Progression BJJ
Female Gi / Master 1 (30+) / White / Light Feather,3,Wilsa,Law,Canada,Action & Reaction MMA
Female Gi / Master 1 (30+) / White / Light Feather,3,Nicole,Romero,Canada,Brampton Brazilian Jiu-Jitsu Academy
Female Gi / Master 1 (30+) / White / Light,1,Sarah,de Sousa,Canada,GUVNA BJJ
Female Gi / Master 1 (30+) / White / Light,2,Griselda,Magdaleno,Mexico,Ethereal BJJ Academy
Female Gi / Master 1 (30+) / White / Light,3,Hazariah,Siti,Singapore,Wolf BJJ Toronto
Female Gi / Master 1 (30+) / White / Middle,1,Lisa,Belfrutto,Canada,Cavalo Martial Arts Academy
Female Gi / Master 1 (30+) / White / Middle,2,Sarah,Stead,Canada,Cambridge BJJ
Female Gi / Master 1 (30+) / White / Middle,3,Melody,Nash,Canada,Limitless Brazilian Jiujitsu
Female Gi / Master 1 (30+) / White / Middle,3,Emma,Katchanoski,Canada,Academia Brazilian JiuJitsu
Female Gi / Master 1 (30+) / White / Medium Heavy,1,Danielle,Watson,Canada,Limitless Brazilian Jiujitsu
Female Gi / Master 1 (30+) / White / Medium Heavy,2,Tracey,Barrientos,Canada,Brampton Brazilian Jiu-Jitsu Academy
Female Gi / Master 1 (30+) / White / Medium Heavy,3,mylene,Nadler,Canada,Enhanced BJJ
Female Gi / Master 1 (30+) / White / Medium Heavy,3,Suena,Valenzuela,Canada,Tanuki Martial Arts
Female Gi / Master 1 (30+) / White / Heavy,1,Mariana,Morales,Colombia,Gracie Barra North York Toronto
Female Gi / Master 1 (30+) / White / Heavy,2,Tabitha,Lynn,Canada,Action & Reaction MMA
Female Gi / Master 1 (30+) / White / Heavy,3,Shailie,Dubois,Canada,STASIS
Female Gi / Master 1 (30+) / White / Heavy,3,Lauryn,Banc,Canada,Orangeville Brazilian Jiu-Jitsu Academy
Female Gi / Master 1 (30+) / White / Super Heavy,1,Kathleen,Goncalves,Canada,New Union BJJ
Female Gi / Master 1 (30+) / White / Super Heavy,2,Danika,Tait,Canada,Huron BJJ
Female Gi / Master 1 (30+) / White / Super Heavy,3,Keshia,McCracken,Canada,Oshawa BJJ and Fitness
Female Gi / Master 1 (30+) / White / Super Heavy,3,Elyse,Johnston-Haynes,Canada,Stratford BJJ
Female Gi / Master 1 (30+) / Blue / Light Feather,1,Yuki,Hanaoka,Canada,Vaughan Jiu-Jitsu Academy
Female Gi / Master 1 (30+) / Blue / Light Feather,2,Melissa,Brunet,Canada,Hawkesbury Martial Arts
Female Gi / Master 1 (30+) / Blue / Light Feather,3,Avigayil,Basser,Israel,House of Combat
Female Gi / Master 1 (30+) / Blue / Light Feather,3,Thamires,Nunes,Brazil,JT6 BJJ Academy
Female Gi / Master 1 (30+) / Blue / Super Heavy,1,Irina,Petrovic,Canada,Octa BJJ
Female Gi / Master 1 (30+) / Blue / Super Heavy,2,Yiyi,CAI,China,Yorkdale Martial Arts Academy
Female Gi / Master 1 (30+) / Blue / Super Heavy,3,Veronica,Doughan,Canada,Oshawa BJJ and Fitness
Female Gi / Master 1 (30+) / Blue / Super Heavy,3,Kristiana,Schuhmann,Canada,Jiu-Jitsu for Life Team Canada
Female Gi / Master 1 (30+) / Blue / Open Weight,1,Yiyi,CAI,China,Yorkdale Martial Arts Academy
Female Gi / Master 1 (30+) / Blue / Open Weight,2,Irina,Petrovic,Canada,Octa BJJ
Female Gi / Master 1 (30+) / Blue / Open Weight,3,Veronica,Doughan,Canada,Oshawa BJJ and Fitness
Female Gi / Master 1 (30+) / Blue / Open Weight,3,Kristiana,Schuhmann,Canada,Jiu-Jitsu for Life Team Canada
Female Gi / Master 1 (30+) / Purple / Feather,1,Eve,Switzer,Canada,Toronto BJJ
Female Gi / Master 1 (30+) / Purple / Feather,2,Fiona,McQuade-Crangle,Canada,Sudbury MMA
Female Gi / Master 1 (30+) / Purple / Super Heavy,1,Grace,Chung,Canada,NKS Brazilian Jiu Jitsu
Female Gi / Master 1 (30+) / Purple / Super Heavy,2,Natasha,Clara,Canada,Hayabusa Academy (Kingston)
Female Gi / Master 1 (30+) / Purple / Super Heavy,3,Priscilla,Friesen,Canada,Grounded Studios
Female Gi / Master 1 (30+) / Brown/Black / Light,1,Angela,Shields,Canada,Progression BJJ
Female Gi / Master 1 (30+) / Brown/Black / Light,2,Linden,Clark,Canada,Pura BJJ
Female Gi / Master 2 (40+) / White / Light,1,April,Hamm,Canada,Niagara BJJ ( Cicero Costha)
Female Gi / Master 2 (40+) / White / Light,2,Jennie,Gomes,Canada,Pound4Pound - Resolute Jiu-Jitsu
Female Gi / Master 2 (40+) / White / Light,3,Sarah,Ajwani,Canada,Ethereal BJJ Academy
Female Gi / Master 2 (40+) / White / Light,3,Amanda,Boetzkes,Canada,Ethereal BJJ Academy
Female Gi / Master 2 (40+) / White / Middle,1,Kelly,Milenkoff,Canada,Niagara BJJ ( Cicero Costha)
Female Gi / Master 2 (40+) / White / Middle,2,Laura,Knudsen,Canada,Orangeville Brazilian Jiu-Jitsu Academy
Female Gi / Master 2 (40+) / White / Middle,3,Bianca,D’Souza,Canada,GUVNA BJJ
Female Gi / Master 2 (40+) / White / Middle,3,Katherine,Reynolds,Canada,BTT Canada AlphaMMA
Female Gi / Master 2 (40+) / White / Heavy,1,Amber,Swidersky,Canada,Orangeville Brazilian Jiu-Jitsu Academy
Female Gi / Master 2 (40+) / White / Heavy,2,Elaine,Huisjes,Canada,Sudbury MMA
Female Gi / Master 2 (40+) / Blue / Feather,1,Pamela,Stewart,Canada,Kemptville Academy of Martial Arts
Female Gi / Master 2 (40+) / Blue / Feather,2,Vanessa,Lawson-Dulny,Canada,Team DNA
Female Gi / Master 2 (40+) / Blue / Feather,3,Azi,Farizeh,Canada,KINGJIUJITSU
Female Gi / Master 2 (40+) / Blue / Feather,3,Heather,Clark,Canada,Stratford BJJ
Female Gi / Master 2 (40+) / Blue / Light,1,camila,Pessoa,Brazil,Newmarket BJJ
Female Gi / Master 2 (40+) / Blue / Light,2,Angela,Oosterom,Canada,Stratford BJJ
Female Gi / Master 2 (40+) / Blue / Light,3,Rebekah,Langman,Canada,Limitless Brazilian Jiujitsu
Female Gi / Master 2 (40+) / Purple / Medium Heavy,1,Gabriela,Velazquez,Argentina,Toronto BJJ
Female Gi / Master 2 (40+) / Purple / Medium Heavy,2,Julia,Chacon-Ramos,El Salvador,Toronto Top Team
Female Gi / Master 2 (40+) / Brown/Black / Medium Heavy,1,Alejandra,Ordaz,Mexico,Action & Reaction MMA
Female Gi / Master 2 (40+) / Brown/Black / Open Weight,1,Patricia,VanderMeer,Canada,5th Dimension Training Academy
Female Gi / Master 2 (40+) / Brown/Black / Open Weight,2,Alejandra,Ordaz,Mexico,Action & Reaction MMA
Female Gi / Master 2 (40+) / Brown/Black / Open Weight,3,Rhea,Desai,Canada,Submissions Academy Milton
